{"stats":{"minecraft:picked_up":{"minecraft:stick":1,"minecraft:basalt":5,"minecraft:leather":1,"minecraft:acacia_log":3,"minecraft:beef":2,"minecraft:acacia_sapling":1},"minecraft:crafted":{"minecraft:acacia_planks":12,"minecraft:crafting_table":1,"minecraft:stick":4,"minecraft:wooden_pickaxe":1},"minecraft:custom":{"minecraft:time_since_rest":18807,"minecraft:crouch_one_cm":175,"minecraft:sprint_one_cm":27318,"minecraft:play_time":18807,"minecraft:damage_taken":30,"minecraft:walk_one_cm":36421,"minecraft:sneak_time":121,"minecraft:mob_kills":1,"minecraft:jump":212,"minecraft:damage_dealt":100,"minecraft:leave_game":2,"minecraft:time_since_death":18807,"minecraft:total_world_time":18807,"minecraft:interact_with_crafting_table":2,"minecraft:fall_one_cm":4793,"minecraft:fly_one_cm":50310},"minecraft:killed":{"minecraft:cow":1},"minecraft:used":{"minecraft:villager_spawn_egg":3,"minecraft:crafting_table":1,"instrumentalmobs:drum_zombie_spawn_egg":1,"minecraft:acacia_sapling":1,"minecraft:wooden_pickaxe":9,"minecraft:iron_sword":2},"minecraft:mined":{"minecraft:acacia_log":3,"minecraft:acacia_leaves":4,"minecraft:basalt":9}},"DataVersion":3465}